"Timestamp","Total score","Which industries does your company primarily recruit for?","Which industries does your company primarily recruit for? [Score]","Which industries does your company primarily recruit for? [Feedback]","How do you currently source candidates for job openings?","How do you currently source candidates for job openings? [Score]","How do you currently source candidates for job openings? [Feedback]","What are the biggest challenges you face in the recruitment process?","What are the biggest challenges you face in the recruitment process? [Score]","What are the biggest challenges you face in the recruitment process? [Feedback]","How do you measure the effectiveness of different recruitment channels?","How do you measure the effectiveness of different recruitment channels? [Score]","How do you measure the effectiveness of different recruitment channels? [Feedback]","What criteria are most important to you when considering job explorer systems for sourcing candidates?","What criteria are most important to you when considering job explorer systems for sourcing candidates? [Score]","What criteria are most important to you when considering job explorer systems for sourcing candidates? [Feedback]","What features or functionalities do you consider essential in a job explorer system for recruiters?","What features or functionalities do you consider essential in a job explorer system for recruiters? [Score]","What features or functionalities do you consider essential in a job explorer system for recruiters? [Feedback]","How do you currently manage and track candidate applications and communications during the recruitment process?","How do you currently manage and track candidate applications and communications during the recruitment process? [Score]","How do you currently manage and track candidate applications and communications during the recruitment process? [Feedback]","What are your preferred methods of communication for interacting with potential candidates?","What are your preferred methods of communication for interacting with potential candidates? [Score]","What are your preferred methods of communication for interacting with potential candidates? [Feedback]","How do you ensure that your job postings stand out to potential candidates in a competitive market?","How do you ensure that your job postings stand out to potential candidates in a competitive market? [Score]","How do you ensure that your job postings stand out to potential candidates in a competitive market? [Feedback]"
"2024/04/25 2:25:55 AM MDT","0.00 / 0","Technology","-- / 0","","Online job boards;Internal referrals;Recruitment agencies;Direct sourcing via LinkedIn and professional networks","-- / 0","","Attracting qualified candidates;Managing a large volume of applications","-- / 0","","All of the above","-- / 0","","All of the above","-- / 0","","All of the above","-- / 0","","Applicant tracking system (ATS)","-- / 0","","Email;Phone calls","-- / 0","","Clear and concise job descriptions;Highlighting unique benefits of working for the company;Targeted advertising","-- / 0",""
"2024/04/28 7:24:31 AM MDT","0.00 / 0","Technology","-- / 0","","Online job boards;Internal referrals;Recruitment agencies;Direct sourcing via LinkedIn and professional networks","-- / 0","","All of the above","-- / 0","","Number of qualified candidates sourced","-- / 0","","Ease of use","-- / 0","","Applicant tracking system integration","-- / 0","","Email and other communication tools","-- / 0","","Email;Phone calls;Messaging platforms (e.g., LinkedIn)","-- / 0","","Clear and concise job descriptions;Highlighting unique benefits of working for the company;Targeted advertising","-- / 0",""
"2024/04/28 7:32:42 AM MDT","0.00 / 0","Technology","-- / 0","","Online job boards;Direct sourcing via LinkedIn and professional networks","-- / 0","","Managing a large volume of applications;Ensuring a smooth candidate experience","-- / 0","","Number of qualified candidates sourced","-- / 0","","Quality of candidates sourced","-- / 0","","Advanced search and filtering capabilities","-- / 0","","Applicant tracking system (ATS)","-- / 0","","Email","-- / 0","","Clear and concise job descriptions","-- / 0",""
"2024/04/28 7:41:52 AM MDT","0.00 / 0","Technology","-- / 0","","Online job boards;Direct sourcing via LinkedIn and professional networks","-- / 0","","Attracting qualified candidates;Ensuring a smooth candidate experience","-- / 0","","Number of qualified candidates sourced","-- / 0","","Integration with existing systems","-- / 0","","Candidate assessment tools","-- / 0","","Applicant tracking system (ATS)","-- / 0","","Email","-- / 0","","Highlighting unique benefits of working for the company;Targeted advertising","-- / 0",""
"2024/04/28 7:53:59 AM MDT","0.00 / 0","Technology","-- / 0","","Internal referrals;Recruitment agencies;Direct sourcing via LinkedIn and professional networks","-- / 0","","Managing a large volume of applications","-- / 0","","Number of qualified candidates sourced","-- / 0","","Ease of use","-- / 0","","Analytics for tracking recruitment metrics","-- / 0","","Applicant tracking system (ATS)","-- / 0","","Email;Messaging platforms (e.g., LinkedIn)","-- / 0","","Clear and concise job descriptions;Highlighting unique benefits of working for the company;Targeted advertising","-- / 0",""
"2024/04/28 11:34:54 AM MDT","0.00 / 0","Technology","-- / 0","","Internal referrals","-- / 0","","All of the above","-- / 0","","Cost per hire","-- / 0","","Quality of candidates sourced","-- / 0","","Advanced search and filtering capabilities","-- / 0","","Applicant tracking system (ATS)","-- / 0","","Email","-- / 0","","Highlighting unique benefits of working for the company","-- / 0",""
"2024/04/28 12:52:00 PM MDT","0.00 / 0","Technology","-- / 0","","Recruitment agencies;Direct sourcing via LinkedIn and professional networks","-- / 0","","All of the above","-- / 0","","All of the above","-- / 0","","All of the above","-- / 0","","Candidate assessment tools","-- / 0","","Applicant tracking system (ATS)","-- / 0","","Messaging platforms (e.g., LinkedIn)","-- / 0","","Clear and concise job descriptions","-- / 0",""
"2024/05/01 1:51:49 AM MDT","0.00 / 0","Technology","-- / 0","","Online job boards","-- / 0","","Attracting qualified candidates","-- / 0","","Number of qualified candidates sourced","-- / 0","","Ease of use","-- / 0","","All of the above","-- / 0","","Applicant tracking system (ATS)","-- / 0","","Email","-- / 0","","Clear and concise job descriptions;Other","-- / 0",""