"Timestamp","Username","Total score","What is your current academic status?","What is your current academic status? [Score]","What is your current academic status? [Feedback]","What field of study are you pursuing or interested in?","What field of study are you pursuing or interested in? [Score]","What field of study are you pursuing or interested in? [Feedback]","How do you currently search for internships or part-time jobs related to your field of study?","How do you currently search for internships or part-time jobs related to your field of study? [Score]","How do you currently search for internships or part-time jobs related to your field of study? [Feedback]","What are the biggest challenges you face when looking for job or internship opportunities?","What are the biggest challenges you face when looking for job or internship opportunities? [Score]","What are the biggest challenges you face when looking for job or internship opportunities? [Feedback]","What criteria are most important to you when considering job or internship opportunities?","What criteria are most important to you when considering job or internship opportunities? [Score]","What criteria are most important to you when considering job or internship opportunities? [Feedback]","How do you typically research companies or organizations before applying for internships or jobs?","How do you typically research companies or organizations before applying for internships or jobs? [Score]","How do you typically research companies or organizations before applying for internships or jobs? [Feedback]","What resources do you currently use to explore career options or job opportunities?","What resources do you currently use to explore career options or job opportunities? [Score]","What resources do you currently use to explore career options or job opportunities? [Feedback]","What features or functionalities would you like to see in a job explorer system tailored for students?","What features or functionalities would you like to see in a job explorer system tailored for students? [Score]","What features or functionalities would you like to see in a job explorer system tailored for students? [Feedback]"
"2024/04/21 1:48:48 AM MDT","","0.00 / 0","College undergraduate","-- / 0","","Engineering","-- / 0","","Online job boards","-- / 0","","Standing out as a candidate","-- / 0","","Hands-on experience","-- / 0","","Reading employee reviews","-- / 0","","Online career assessment tools","-- / 0","","Networking opportunities with professionals","-- / 0",""
"2024/04/24 6:42:22 AM MDT","farsankhan1122@gmail.com","0.00 / 0","Graduate student pursuing a master's degree","-- / 0","","Engineering","-- / 0","","Online job boards","-- / 0","","Finding opportunities that match my interests and skills","-- / 0","","Opportunity for professional growth","-- / 0","","Reading employee reviews","-- / 0","","Online career assessment tools","-- / 0","","Personalized job recommendations","-- / 0",""
"2024/04/25 3:20:20 AM MDT","farsankhan1122@gmail.com","0.00 / 0","","","","Engineering","-- / 0","","Referrals from professors or classmates","-- / 0","","Standing out as a candidate","-- / 0","","Alignment with career goals","-- / 0","","Networking with professionals","-- / 0","","Online career assessment tools","-- / 0","","Resume building tools","-- / 0",""
"2024/04/25 3:27:17 AM MDT","rubayshaimran@gmail.com","0.00 / 0","College undergraduate","-- / 0","","Engineering","-- / 0","","Online job boards","-- / 0","","Finding opportunities that match my interests and skills","-- / 0","","Hands-on experience","-- / 0","","Visiting their websites","-- / 0","","Online career assessment tools","-- / 0","","Networking opportunities with professionals","-- / 0",""
"2024/04/25 3:45:59 AM MDT","waqasahmed76786@yahoo.com","0.00 / 0","College undergraduate","-- / 0","","Other","-- / 0","","Online job boards","-- / 0","","Finding opportunities that match my interests and skills","-- / 0","","Opportunity for professional growth","-- / 0","","Visiting their websites","-- / 0","","Online career assessment tools","-- / 0","","Personalized job recommendations","-- / 0",""
"2024/04/25 6:33:00 AM MDT","khan012@gmail.com","0.00 / 0","College undergraduate","-- / 0","","Engineering","-- / 0","","University career fairs","-- / 0","","Gaining relevant experience","-- / 0","","Hands-on experience","-- / 0","","Networking with professionals","-- / 0","","Online career assessment tools","-- / 0","","Resume building tools","-- / 0",""
"2024/04/25 6:33:56 AM MDT","Aliza0555@gmail.com","0.00 / 0","College undergraduate","-- / 0","","Other","-- / 0","","Networking events","-- / 0","","Standing out as a candidate","-- / 0","","","","","Reading employee reviews","-- / 0","","Online career assessment tools","-- / 0","","Resume building tools","-- / 0",""
"2024/04/25 6:34:33 AM MDT","Asifkhan@gmail.com","0.00 / 0","High school student","-- / 0","","Business","-- / 0","","Networking events","-- / 0","","Standing out as a candidate","-- / 0","","Supportive work environment","-- / 0","","Reading employee reviews","-- / 0","","Online career assessment tools","-- / 0","","Networking opportunities with professionals","-- / 0",""
"2024/04/25 9:03:52 AM MDT","ali.rayyan001@gmail.com","0.00 / 0","College undergraduate","-- / 0","","Engineering","-- / 0","","Referrals from professors or classmates","-- / 0","","Finding opportunities that match my interests and skills","-- / 0","","Supportive work environment","-- / 0","","Visiting their websites","-- / 0","","Informational interviews with professionals","-- / 0","","Resume building tools","-- / 0",""
"2024/04/25 2:20:43 PM MDT","aliza0555@gmail.com","0.00 / 0","Graduate student pursuing a master's degree","-- / 0","","Engineering","-- / 0","","Networking events","-- / 0","","Finding opportunities that match my interests and skills","-- / 0","","Opportunity for professional growth","-- / 0","","Reading employee reviews","-- / 0","","Industry-specific websites and forums","-- / 0","","Personalized job recommendations","-- / 0",""
"2024/04/25 2:21:23 PM MDT","Ali343@gmail.con","0.00 / 0","Graduate student pursuing a master's degree","-- / 0","","Computer science","-- / 0","","Online job boards","-- / 0","","Finding opportunities that match my interests and skills","-- / 0","","Opportunity for professional growth","-- / 0","","Networking with professionals","-- / 0","","Industry-specific websites and forums","-- / 0","","Personalized job recommendations","-- / 0",""
"2024/04/25 2:21:52 PM MDT","sher265@gmail.com","0.00 / 0","College undergraduate","-- / 0","","Engineering","-- / 0","","Online job boards","-- / 0","","Finding opportunities that match my interests and skills","-- / 0","","Opportunity for professional growth","-- / 0","","Networking with professionals","-- / 0","","Online career assessment tools","-- / 0","","Personalized job recommendations","-- / 0",""
"2024/04/25 2:22:30 PM MDT","Salmam364@gmail.com","0.00 / 0","College undergraduate","-- / 0","","Engineering","-- / 0","","Online job boards","-- / 0","","Finding opportunities that match my interests and skills","-- / 0","","Opportunity for professional growth","-- / 0","","Reading employee reviews","-- / 0","","University career counseling services","-- / 0","","Personalized job recommendations","-- / 0",""
"2024/04/25 2:23:00 PM MDT","tahir254@gmail.com","0.00 / 0","College undergraduate","-- / 0","","Computer science","-- / 0","","Online job boards","-- / 0","","Finding opportunities that match my interests and skills","-- / 0","","Opportunity for professional growth","-- / 0","","Visiting their websites","-- / 0","","Online career assessment tools","-- / 0","","Resume building tools","-- / 0",""
"2024/04/25 9:42:51 PM MDT","ahmedalilm10@gmail.com","0.00 / 0","Other","-- / 0","","Engineering","-- / 0","","Referrals from professors or classmates","-- / 0","","Finding opportunities that match my interests and skills","-- / 0","","Opportunity for professional growth","-- / 0","","Visiting their websites","-- / 0","","University career counseling services","-- / 0","","Networking opportunities with professionals","-- / 0",""
"2024/04/25 9:44:10 PM MDT","hk9349881@gmail.com","0.00 / 0","Graduate student pursuing a master's degree","-- / 0","","Engineering","-- / 0","","Online job boards","-- / 0","","Finding opportunities that match my interests and skills","-- / 0","","Opportunity for professional growth","-- / 0","","Visiting their websites","-- / 0","","University career counseling services","-- / 0","","Personalized job recommendations","-- / 0",""
"2024/04/25 9:44:12 PM MDT","zafarhamza057@gmail.com","0.00 / 0","College undergraduate","-- / 0","","Business","-- / 0","","University career fairs","-- / 0","","Gaining relevant experience","-- / 0","","Alignment with career goals","-- / 0","","Visiting their websites","-- / 0","","University career counseling services","-- / 0","","Networking opportunities with professionals","-- / 0",""
"2024/04/25 9:47:22 PM MDT","35305@students.riphah.edu.pk","0.00 / 0","Graduate student pursuing a master's degree","-- / 0","","Computer science","-- / 0","","Referrals from professors or classmates","-- / 0","","Standing out as a candidate","-- / 0","","Hands-on experience","-- / 0","","Networking with professionals","-- / 0","","Informational interviews with professionals","-- / 0","","Networking opportunities with professionals","-- / 0",""
"2024/04/27 4:04:10 AM MDT","Ahmedkhan3372@gmail.com","0.00 / 0","High school student","-- / 0","","Computer science","-- / 0","","Online job boards","-- / 0","","Finding opportunities that match my interests and skills","-- / 0","","Opportunity for professional growth","-- / 0","","Reading employee reviews","-- / 0","","Online career assessment tools","-- / 0","","Resume building tools","-- / 0",""
"2024/04/27 4:04:46 AM MDT","bilal122@gmail.com","0.00 / 0","Graduate student pursuing a master's degree","-- / 0","","Engineering","-- / 0","","University career fairs","-- / 0","","Gaining relevant experience","-- / 0","","Opportunity for professional growth","-- / 0","","Visiting their websites","-- / 0","","Online career assessment tools","-- / 0","","Networking opportunities with professionals","-- / 0",""
"2024/04/27 4:05:15 AM MDT","kamranshahid121@gmail.com","0.00 / 0","College undergraduate","-- / 0","","Business","-- / 0","","University career fairs","-- / 0","","Gaining relevant experience","-- / 0","","Supportive work environment","-- / 0","","Reading employee reviews","-- / 0","","Online career assessment tools","-- / 0","","Personalized job recommendations","-- / 0",""
"2024/04/27 4:05:46 AM MDT","sujadakhter131@gmail.com","0.00 / 0","Graduate student pursuing a master's degree","-- / 0","","Engineering","-- / 0","","University career fairs","-- / 0","","Gaining relevant experience","-- / 0","","Supportive work environment","-- / 0","","Reading employee reviews","-- / 0","","Informational interviews with professionals","-- / 0","","Resume building tools","-- / 0",""
"2024/04/27 4:06:15 AM MDT","khuram13@gmail.com","0.00 / 0","College undergraduate","-- / 0","","Engineering","-- / 0","","Networking events","-- / 0","","Gaining relevant experience","-- / 0","","Supportive work environment","-- / 0","","Networking with professionals","-- / 0","","Online career assessment tools","-- / 0","","Personalized job recommendations","-- / 0",""
"2024/04/27 4:06:47 AM MDT","shahzadkhan323@gmail.com","0.00 / 0","Graduate student pursuing a master's degree","-- / 0","","Engineering","-- / 0","","University career fairs","-- / 0","","Gaining relevant experience","-- / 0","","Supportive work environment","-- / 0","","Reading employee reviews","-- / 0","","Online career assessment tools","-- / 0","","Resume building tools","-- / 0",""
"2024/04/27 4:07:16 AM MDT","sahrukh132@gmail.com","0.00 / 0","Graduate student pursuing a master's degree","-- / 0","","Engineering","-- / 0","","University career fairs","-- / 0","","Finding opportunities that match my interests and skills","-- / 0","","Opportunity for professional growth","-- / 0","","Visiting their websites","-- / 0","","University career counseling services","-- / 0","","Resume building tools","-- / 0",""
"2024/04/28 5:21:32 AM MDT","faizankhan382@gmail.com","0.00 / 0","Graduate student pursuing a master's degree","-- / 0","","Engineering","-- / 0","","University career fairs","-- / 0","","Finding opportunities that match my interests and skills","-- / 0","","Supportive work environment","-- / 0","","Reading employee reviews","-- / 0","","University career counseling services","-- / 0","","Resume building tools","-- / 0",""
"2024/04/28 5:21:58 AM MDT","faisalali373@gmail.com","0.00 / 0","College undergraduate","-- / 0","","Computer science","-- / 0","","Online job boards","-- / 0","","Finding opportunities that match my interests and skills","-- / 0","","Opportunity for professional growth","-- / 0","","Visiting their websites","-- / 0","","University career counseling services","-- / 0","","Personalized job recommendations","-- / 0",""
"2024/04/28 5:22:44 AM MDT","Alinawaz2211@gmail.com","0.00 / 0","College undergraduate","-- / 0","","Computer science","-- / 0","","Online job boards","-- / 0","","Gaining relevant experience","-- / 0","","Opportunity for professional growth","-- / 0","","Visiting their websites","-- / 0","","University career counseling services","-- / 0","","Resume building tools","-- / 0",""
"2024/04/28 7:22:33 AM MDT","hikhan765@gmail.com","0.00 / 0","Graduate student pursuing a master's degree","-- / 0","","Engineering","-- / 0","","Other","-- / 0","","Gaining relevant experience","-- / 0","","Hands-on experience","-- / 0","","Visiting their websites","-- / 0","","Online career assessment tools","-- / 0","","Personalized job recommendations","-- / 0",""
"2024/04/30 1:29:17 AM MDT","OsamAli089@gmail.com","0.00 / 0","College undergraduate","-- / 0","","Engineering","-- / 0","","University career fairs","-- / 0","","Standing out as a candidate","-- / 0","","Hands-on experience","-- / 0","","Reading employee reviews","-- / 0","","University career counseling services","-- / 0","","Personalized job recommendations","-- / 0",""
"2024/04/30 1:29:51 AM MDT","sujadkhan327@gmail.com","0.00 / 0","Graduate student pursuing a master's degree","-- / 0","","Computer science","-- / 0","","Online job boards","-- / 0","","Finding opportunities that match my interests and skills","-- / 0","","Opportunity for professional growth","-- / 0","","Networking with professionals","-- / 0","","University career counseling services","-- / 0","","Personalized job recommendations","-- / 0",""
"2024/04/30 1:30:27 AM MDT","Haider637@gmail.com","0.00 / 0","College undergraduate","-- / 0","","Business","-- / 0","","University career fairs","-- / 0","","Standing out as a candidate","-- / 0","","Opportunity for professional growth","-- / 0","","Reading employee reviews","-- / 0","","University career counseling services","-- / 0","","Personalized job recommendations","-- / 0",""
"2024/04/30 1:31:05 AM MDT","Samiullahkhan997@gmail.com","0.00 / 0","College undergraduate","-- / 0","","Other","-- / 0","","Online job boards","-- / 0","","Finding opportunities that match my interests and skills","-- / 0","","Opportunity for professional growth","-- / 0","","Visiting their websites","-- / 0","","","","","Resume building tools","-- / 0",""
"2024/05/01 1:43:25 AM MDT","Aamirnawaz676@gmail.com","0.00 / 0","Graduate student pursuing a master's degree","-- / 0","","Computer science","-- / 0","","University career fairs","-- / 0","","Finding opportunities that match my interests and skills","-- / 0","","Supportive work environment","-- / 0","","Networking with professionals","-- / 0","","University career counseling services","-- / 0","","Resume building tools","-- / 0",""
"2024/05/01 1:43:58 AM MDT","kamrankhan576@gmail.com","0.00 / 0","College undergraduate","-- / 0","","Business","-- / 0","","University career fairs","-- / 0","","Gaining relevant experience","-- / 0","","Supportive work environment","-- / 0","","Networking with professionals","-- / 0","","Informational interviews with professionals","-- / 0","","Personalized job recommendations","-- / 0",""
"2024/05/01 1:44:36 AM MDT","shayanahmed1212@gmail.com","0.00 / 0","Graduate student pursuing a master's degree","-- / 0","","Engineering","-- / 0","","Online job boards","-- / 0","","Finding opportunities that match my interests and skills","-- / 0","","Supportive work environment","-- / 0","","Reading employee reviews","-- / 0","","University career counseling services","-- / 0","","Personalized job recommendations","-- / 0",""
"2024/05/01 1:45:12 AM MDT","akbarnawaz374@gmail.com","0.00 / 0","Graduate student pursuing a master's degree","-- / 0","","Engineering","-- / 0","","Online job boards","-- / 0","","Finding opportunities that match my interests and skills","-- / 0","","Opportunity for professional growth","-- / 0","","Visiting their websites","-- / 0","","University career counseling services","-- / 0","","Resume building tools","-- / 0",""
"2024/05/01 1:45:35 AM MDT","khankhan432@gmail.com","0.00 / 0","High school student","-- / 0","","Computer science","-- / 0","","Online job boards","-- / 0","","Finding opportunities that match my interests and skills","-- / 0","","Opportunity for professional growth","-- / 0","","Reading employee reviews","-- / 0","","Online career assessment tools","-- / 0","","Personalized job recommendations","-- / 0",""
"2024/05/01 1:46:16 AM MDT","shadmankhan678@gmail.com","0.00 / 0","Graduate student pursuing a master's degree","-- / 0","","Other","-- / 0","","Online job boards","-- / 0","","Gaining relevant experience","-- / 0","","Opportunity for professional growth","-- / 0","","Reading employee reviews","-- / 0","","Informational interviews with professionals","-- / 0","","Networking opportunities with professionals","-- / 0",""
"2024/05/01 1:46:47 AM MDT","alyanalyan1322@gmail.com","0.00 / 0","Graduate student pursuing a master's degree","-- / 0","","Computer science","-- / 0","","Online job boards","-- / 0","","Finding opportunities that match my interests and skills","-- / 0","","Hands-on experience","-- / 0","","Reading employee reviews","-- / 0","","University career counseling services","-- / 0","","Networking opportunities with professionals","-- / 0",""
"2024/05/01 1:47:10 AM MDT","jalalkhan5763@gmail.com","0.00 / 0","Graduate student pursuing a master's degree","-- / 0","","Engineering","-- / 0","","University career fairs","-- / 0","","Gaining relevant experience","-- / 0","","Supportive work environment","-- / 0","","Reading employee reviews","-- / 0","","University career counseling services","-- / 0","","Personalized job recommendations","-- / 0",""
"2024/05/01 1:47:36 AM MDT","zaferniaz4278@gmail.com","0.00 / 0","College undergraduate","-- / 0","","Computer science","-- / 0","","Online job boards","-- / 0","","Finding opportunities that match my interests and skills","-- / 0","","Opportunity for professional growth","-- / 0","","Reading employee reviews","-- / 0","","Informational interviews with professionals","-- / 0","","Resume building tools","-- / 0",""
"2024/05/01 1:48:02 AM MDT","majidkhan4233@gmail.com","0.00 / 0","Graduate student pursuing a master's degree","-- / 0","","Engineering","-- / 0","","Online job boards","-- / 0","","Finding opportunities that match my interests and skills","-- / 0","","Supportive work environment","-- / 0","","Visiting their websites","-- / 0","","University career counseling services","-- / 0","","Personalized job recommendations","-- / 0",""
"2024/05/01 1:48:32 AM MDT","hamidAli482@gmail.com","0.00 / 0","College undergraduate","-- / 0","","Computer science","-- / 0","","Online job boards","-- / 0","","Gaining relevant experience","-- / 0","","Opportunity for professional growth","-- / 0","","Visiting their websites","-- / 0","","University career counseling services","-- / 0","","Personalized job recommendations","-- / 0",""
"2024/05/01 1:49:01 AM MDT","waqerkhan4273@gmail.com","0.00 / 0","Graduate student pursuing a master's degree","-- / 0","","Computer science","-- / 0","","Online job boards","-- / 0","","Finding opportunities that match my interests and skills","-- / 0","","Opportunity for professional growth","-- / 0","","Reading employee reviews","-- / 0","","Online career assessment tools","-- / 0","","Personalized job recommendations","-- / 0",""
"2024/05/01 1:49:27 AM MDT","waliullah1344@gmail.com","0.00 / 0","Graduate student pursuing a master's degree","-- / 0","","Engineering","-- / 0","","Online job boards","-- / 0","","Finding opportunities that match my interests and skills","-- / 0","","Opportunity for professional growth","-- / 0","","Visiting their websites","-- / 0","","Online career assessment tools","-- / 0","","Personalized job recommendations","-- / 0",""
"2024/05/01 1:50:00 AM MDT","aliya323@gmail.com","0.00 / 0","Graduate student pursuing a master's degree","-- / 0","","Other","-- / 0","","University career fairs","-- / 0","","Finding opportunities that match my interests and skills","-- / 0","","Hands-on experience","-- / 0","","Visiting their websites","-- / 0","","University career counseling services","-- / 0","","Resume building tools","-- / 0",""
"2024/05/01 1:50:27 AM MDT","samirkhan3322@gmail.com","0.00 / 0","Graduate student pursuing a master's degree","-- / 0","","Engineering","-- / 0","","University career fairs","-- / 0","","Finding opportunities that match my interests and skills","-- / 0","","Supportive work environment","-- / 0","","Reading employee reviews","-- / 0","","Online career assessment tools","-- / 0","","Networking opportunities with professionals","-- / 0",""
"2024/05/01 1:50:49 AM MDT","ahmedkhan4242@gmail.com","0.00 / 0","","","","Business","-- / 0","","Networking events","-- / 0","","Gaining relevant experience","-- / 0","","Alignment with career goals","-- / 0","","Networking with professionals","-- / 0","","Informational interviews with professionals","-- / 0","","Networking opportunities with professionals","-- / 0",""
"2024/05/01 2:21:11 AM MDT","26358@students.riphah.edu.pk","0.00 / 0","High school student","-- / 0","","Engineering","-- / 0","","Online job boards","-- / 0","","Finding opportunities that match my interests and skills","-- / 0","","Hands-on experience","-- / 0","","Visiting their websites","-- / 0","","University career counseling services","-- / 0","","Networking opportunities with professionals","-- / 0",""
"2024/05/02 1:30:25 AM MDT","waqaskhan1312@gmail.com","0.00 / 0","College undergraduate","-- / 0","","Computer science","-- / 0","","Online job boards","-- / 0","","Finding opportunities that match my interests and skills","-- / 0","","Supportive work environment","-- / 0","","Visiting their websites","-- / 0","","University career counseling services","-- / 0","","Personalized job recommendations","-- / 0",""
"2024/05/02 1:30:52 AM MDT","saudhassan333@gmail.com","0.00 / 0","College undergraduate","-- / 0","","Engineering","-- / 0","","Online job boards","-- / 0","","Gaining relevant experience","-- / 0","","Supportive work environment","-- / 0","","Visiting their websites","-- / 0","","Industry-specific websites and forums","-- / 0","","Personalized job recommendations","-- / 0",""
"2024/05/02 1:31:17 AM MDT","hamzarasool322@gmail.com","0.00 / 0","Graduate student pursuing a master's degree","-- / 0","","Engineering","-- / 0","","Online job boards","-- / 0","","Gaining relevant experience","-- / 0","","Supportive work environment","-- / 0","","Networking with professionals","-- / 0","","Informational interviews with professionals","-- / 0","","Personalized job recommendations","-- / 0",""
"2024/05/02 1:31:57 AM MDT","kamranshah080@gmail.com","0.00 / 0","College undergraduate","-- / 0","","Business","-- / 0","","Networking events","-- / 0","","Finding opportunities that match my interests and skills","-- / 0","","Opportunity for professional growth","-- / 0","","Reading employee reviews","-- / 0","","Online career assessment tools","-- / 0","","Personalized job recommendations","-- / 0",""
"2024/05/02 1:34:08 AM MDT","abdullah2443@gmail.com","0.00 / 0","Graduate student pursuing a master's degree","-- / 0","","Engineering","-- / 0","","Online job boards","-- / 0","","Finding opportunities that match my interests and skills","-- / 0","","Opportunity for professional growth","-- / 0","","Networking with professionals","-- / 0","","University career counseling services","-- / 0","","Personalized job recommendations","-- / 0",""
"2024/05/02 1:34:40 AM MDT","umerkhan2534@gmail.com","0.00 / 0","Graduate student pursuing a master's degree","-- / 0","","Computer science","-- / 0","","University career fairs","-- / 0","","Standing out as a candidate","-- / 0","","Opportunity for professional growth","-- / 0","","Visiting their websites","-- / 0","","University career counseling services","-- / 0","","Resume building tools","-- / 0",""
"2024/05/02 1:35:09 AM MDT","khayamkhan7668@gmail.com","0.00 / 0","Graduate student pursuing a master's degree","-- / 0","","Engineering","-- / 0","","Online job boards","-- / 0","","Finding opportunities that match my interests and skills","-- / 0","","Opportunity for professional growth","-- / 0","","Visiting their websites","-- / 0","","University career counseling services","-- / 0","","Personalized job recommendations","-- / 0",""
"2024/05/02 1:35:41 AM MDT","zareenkhan5654@gmail.com","0.00 / 0","Graduate student pursuing a master's degree","-- / 0","","Engineering","-- / 0","","Online job boards","-- / 0","","Finding opportunities that match my interests and skills","-- / 0","","Opportunity for professional growth","-- / 0","","Visiting their websites","-- / 0","","Online career assessment tools","-- / 0","","Personalized job recommendations","-- / 0",""
"2024/05/02 1:36:36 AM MDT","sherkhan1122@gmail.com","0.00 / 0","College undergraduate","-- / 0","","Computer science","-- / 0","","Online job boards","-- / 0","","Finding opportunities that match my interests and skills","-- / 0","","Opportunity for professional growth","-- / 0","","Networking with professionals","-- / 0","","University career counseling services","-- / 0","","Personalized job recommendations","-- / 0",""
"2024/05/02 2:44:12 AM MDT","asadkhan3538@gmail.com","0.00 / 0","College undergraduate","-- / 0","","Engineering","-- / 0","","Online job boards","-- / 0","","Finding opportunities that match my interests and skills","-- / 0","","Supportive work environment","-- / 0","","Visiting their websites","-- / 0","","Informational interviews with professionals","-- / 0","","Networking opportunities with professionals","-- / 0",""
"2024/05/02 2:44:56 AM MDT","hamzakhan3523@gmail.com","0.00 / 0","College undergraduate","-- / 0","","Business","-- / 0","","Referrals from professors or classmates","-- / 0","","Standing out as a candidate","-- / 0","","Hands-on experience","-- / 0","","Visiting their websites","-- / 0","","Informational interviews with professionals","-- / 0","","Networking opportunities with professionals","-- / 0",""
"2024/05/02 2:45:49 AM MDT","hassanayaz2243@gmail.com","0.00 / 0","Graduate student pursuing a master's degree","-- / 0","","Computer science","-- / 0","","Online job boards","-- / 0","","Gaining relevant experience","-- / 0","","Opportunity for professional growth","-- / 0","","Reading employee reviews","-- / 0","","University career counseling services","-- / 0","","Personalized job recommendations","-- / 0",""
"2024/05/02 2:46:23 AM MDT","muazzam3433@gmail.com","0.00 / 0","Graduate student pursuing a master's degree","-- / 0","","Engineering","-- / 0","","University career fairs","-- / 0","","Gaining relevant experience","-- / 0","","Opportunity for professional growth","-- / 0","","Networking with professionals","-- / 0","","University career counseling services","-- / 0","","Personalized job recommendations","-- / 0",""
"2024/05/02 2:49:02 AM MDT","niazali5655@gmail.com","0.00 / 0","College undergraduate","-- / 0","","Computer science","-- / 0","","Online job boards","-- / 0","","Finding opportunities that match my interests and skills","-- / 0","","Opportunity for professional growth","-- / 0","","Visiting their websites","-- / 0","","University career counseling services","-- / 0","","Personalized job recommendations","-- / 0",""
"2024/05/02 2:49:38 AM MDT","tayyabkhan7877@gmail.com","0.00 / 0","Graduate student pursuing a master's degree","-- / 0","","Engineering","-- / 0","","Online job boards","-- / 0","","Gaining relevant experience","-- / 0","","Opportunity for professional growth","-- / 0","","Visiting their websites","-- / 0","","Online career assessment tools","-- / 0","","Personalized job recommendations","-- / 0",""
"2024/05/02 2:50:50 AM MDT","nazirullah3363@gmail.com","0.00 / 0","College undergraduate","-- / 0","","Engineering","-- / 0","","Online job boards","-- / 0","","Finding opportunities that match my interests and skills","-- / 0","","Supportive work environment","-- / 0","","Reading employee reviews","-- / 0","","Online career assessment tools","-- / 0","","Personalized job recommendations","-- / 0",""
"2024/05/02 2:51:35 AM MDT","shayanahmad092@gmail.com","0.00 / 0","College undergraduate","-- / 0","","Business","-- / 0","","Networking events","-- / 0","","Finding opportunities that match my interests and skills","-- / 0","","Supportive work environment","-- / 0","","Visiting their websites","-- / 0","","University career counseling services","-- / 0","","Personalized job recommendations","-- / 0",""
"2024/05/02 2:53:35 AM MDT","alihassan0900@gmail.com","0.00 / 0","College undergraduate","-- / 0","","Computer science","-- / 0","","Online job boards","-- / 0","","Finding opportunities that match my interests and skills","-- / 0","","Opportunity for professional growth","-- / 0","","Visiting their websites","-- / 0","","University career counseling services","-- / 0","","Personalized job recommendations","-- / 0",""
"2024/05/02 2:55:42 AM MDT","hayyamkhan3330@gmail.com","0.00 / 0","Graduate student pursuing a master's degree","-- / 0","","Engineering","-- / 0","","Online job boards","-- / 0","","Finding opportunities that match my interests and skills","-- / 0","","Opportunity for professional growth","-- / 0","","Visiting their websites","-- / 0","","Online career assessment tools","-- / 0","","Personalized job recommendations","-- / 0",""
"2024/05/02 2:59:53 AM MDT","aslamkhan0090@gmail.com","0.00 / 0","Graduate student pursuing a master's degree","-- / 0","","Computer science","-- / 0","","Online job boards","-- / 0","","Finding opportunities that match my interests and skills","-- / 0","","Opportunity for professional growth","-- / 0","","Reading employee reviews","-- / 0","","Online career assessment tools","-- / 0","","Personalized job recommendations","-- / 0",""
"2024/05/02 3:04:30 AM MDT","ali.rayyan001@gmail.com","0.00 / 0","College undergraduate","-- / 0","","Engineering","-- / 0","","Online job boards","-- / 0","","Gaining relevant experience","-- / 0","","Hands-on experience","-- / 0","","Reading employee reviews","-- / 0","","University career counseling services","-- / 0","","Personalized job recommendations","-- / 0",""
"2024/05/02 3:06:48 AM MDT","25434@students.riphah.edu.pk","0.00 / 0","Graduate student pursuing a master's degree","-- / 0","","Computer science","-- / 0","","University career fairs","-- / 0","","Finding opportunities that match my interests and skills","-- / 0","","Opportunity for professional growth","-- / 0","","Reading employee reviews","-- / 0","","University career counseling services","-- / 0","","Networking opportunities with professionals","-- / 0",""
"2024/05/02 3:38:09 AM MDT","25435@students.riphah.edu.pk","0.00 / 0","Graduate student pursuing a master's degree","-- / 0","","Business","-- / 0","","Online job boards","-- / 0","","Finding opportunities that match my interests and skills","-- / 0","","Opportunity for professional growth","-- / 0","","Visiting their websites","-- / 0","","Industry-specific websites and forums","-- / 0","","Personalized job recommendations","-- / 0",""